﻿<ListePhonemesSAMPAGraphemes>
	<Date_du_fichier>2/4/2010</Date_du_fichier>	
	<PhonemesSAMPAGraphemes  class="java.util.ArrayList">
		<PhonemeSAMPAGraphemes>
			<PhonemeSAMPA>i</PhonemeSAMPA>
			<Graphemes>
				<Grapheme>e</Grapheme>
				<Grapheme>ea</Grapheme>
				<Grapheme>ee</Grapheme>
				<Grapheme>ees</Grapheme>
				<Grapheme>eo</Grapheme> <!-- people: pas présent dans Morphalou 2.0 -->
				<Grapheme>hi</Grapheme>
				<Grapheme>hî</Grapheme>
				<Grapheme>hie</Grapheme>
				<Grapheme>hies</Grapheme>
				<Grapheme>his</Grapheme>
				<Grapheme>hit</Grapheme>
				<Grapheme>hît</Grapheme>
				<Grapheme>hy</Grapheme>
				<Grapheme>i</Grapheme>
				<Grapheme>î</Grapheme>
				<Grapheme>ï</Grapheme>
				<Grapheme>ict</Grapheme>
				<Grapheme>icts</Grapheme>
				<Grapheme>id</Grapheme>
				<Grapheme>ids</Grapheme>
				<Grapheme>ie</Grapheme>
				<Grapheme>ïe</Grapheme>
				<Grapheme>ient</Grapheme>
				<Grapheme>ies</Grapheme>
				<Grapheme>ïes</Grapheme>
				<Grapheme>ih</Grapheme> <!-- mihrab: une seule occurence?!? -->
				<Grapheme>il</Grapheme>
				<Grapheme>ils</Grapheme>
				<Grapheme>is</Grapheme>
				<Grapheme>ïs</Grapheme>
				<Grapheme>it</Grapheme>
				<Grapheme>ît</Grapheme>
				<Grapheme>ït</Grapheme>
				<Grapheme>its</Grapheme>
				<Grapheme>ix</Grapheme>
				<Grapheme>iz</Grapheme>
				<Grapheme>u</Grapheme>
				<Grapheme>ui</Grapheme>
				<Grapheme>y</Grapheme>
				<Grapheme>ye</Grapheme>
				<Grapheme>yes</Grapheme>
				<Grapheme>yg</Grapheme> <!-- amygdale: transcrit [amigdal] dans Morphalou 2.0 -->
				<Grapheme>ys</Grapheme>
			</Graphemes>
		</PhonemeSAMPAGraphemes>
		<PhonemeSAMPAGraphemes>
			<PhonemeSAMPA>e</PhonemeSAMPA> <!-- Il s'agit du e fermé ou é -->
			<Graphemes>
				<Grapheme>a</Grapheme>
				<Grapheme>ae</Grapheme>
				<Grapheme>ai</Grapheme>
				<Grapheme>aî</Grapheme>
				<Grapheme>aie</Grapheme>
				<Grapheme>aies</Grapheme>
				<Grapheme>e</Grapheme>
				<Grapheme>é</Grapheme>
				<Grapheme>è</Grapheme>
				<Grapheme>ê</Grapheme>
				<Grapheme>ë</Grapheme> <!-- canoë [E] erreur dans Morphalou!!! 2.0 -->
				<Grapheme>ea</Grapheme> <!-- ready(-made): pas présent dans Morphalou 2.0 -->
				<Grapheme>ed</Grapheme>
				<Grapheme>eds</Grapheme>
				<Grapheme>ee</Grapheme>
				<Grapheme>ée</Grapheme>
				<Grapheme>éent</Grapheme>
				<Grapheme>ees</Grapheme>
				<Grapheme>ées</Grapheme>
				<Grapheme>ef</Grapheme>
				<Grapheme>efs</Grapheme>
				<Grapheme>eh</Grapheme>
				<Grapheme>èh</Grapheme> <!-- sakièh: pas présent dans Morphalou 2.0, cf. sakieh -->
				<Grapheme>ehe</Grapheme>
				<Grapheme>ehes</Grapheme>
				<Grapheme>ehs</Grapheme> <!-- keffiehs: pas présent dans Morphalou 2.0 -->
				<Grapheme>èhs</Grapheme> <!-- sakièhs: pas présent dans Morphalou 2.0, cf. sakiehs -->
				<Grapheme>ei</Grapheme>
				<Grapheme>ept</Grapheme>
				<Grapheme>er</Grapheme>
				<Grapheme>ers</Grapheme>
				<Grapheme>es</Grapheme>
				<Grapheme>és</Grapheme>
				<Grapheme>ès</Grapheme>
				<Grapheme>ës</Grapheme> <!-- canoës [E] erreur dans Morphalou!!! 2.0 -->
				<Grapheme>et</Grapheme>
				<Grapheme>ey</Grapheme>
				<Grapheme>ez</Grapheme>
				<Grapheme>ha</Grapheme>
				<Grapheme>hai</Grapheme>
				<Grapheme>he</Grapheme>
				<Grapheme>hé</Grapheme>
				<Grapheme>ier</Grapheme> <!-- peignier pas présent dans Morphalou 2.0 -->
				<Grapheme>iers</Grapheme> <!-- peignier pas présent dans Morphalou 2.0 -->
				<Grapheme>oe</Grapheme>
				<Grapheme>y</Grapheme> <!-- buggy: transcrit [bygi] dans Morphalou 2.0 -->
				<Grapheme>ys</Grapheme> <!-- buggys: transcrit [bygi] dans Morphalou 2.0 -->
			</Graphemes>
		</PhonemeSAMPAGraphemes>
		<PhonemeSAMPAGraphemes>
			<PhonemeSAMPA>E</PhonemeSAMPA> <!-- Il s'agit du e ouvert ou è -->
			<Graphemes>
				<Grapheme>a</Grapheme>
				<Grapheme>ä</Grapheme> <!-- länder pas présent dans Morphalou 2.0 -->
				<Grapheme>ai</Grapheme>
				<Grapheme>aî</Grapheme>
				<Grapheme>aid</Grapheme>
				<Grapheme>aids</Grapheme>
				<Grapheme>aie</Grapheme>
				<Grapheme>aient</Grapheme>
				<Grapheme>aies</Grapheme>
				<Grapheme>ais</Grapheme>
				<Grapheme>ait</Grapheme>
				<Grapheme>aît</Grapheme>
				<Grapheme>aits</Grapheme>
				<Grapheme>aix</Grapheme>
				<Grapheme>ay</Grapheme>
				<Grapheme>aye</Grapheme> <!-- laye, maye: transcrits [Ej] dans Morphalou 2.0 -->
				<Grapheme>ayes</Grapheme><!-- layes, mayes: transcrits [Ej] dans Morphalou 2.0 -->
				<Grapheme>ays</Grapheme>
				<Grapheme>e</Grapheme>
				<Grapheme>é</Grapheme>
				<Grapheme>è</Grapheme>
				<Grapheme>ê</Grapheme>
				<Grapheme>ë</Grapheme>
				<Grapheme>ea</Grapheme>
				<Grapheme>ect</Grapheme>
				<Grapheme>ects</Grapheme>
				<Grapheme>ef</Grapheme> <!-- chef-d'oeuvre: pas présent dans Morphalou 2.0 -->
				<Grapheme>efs</Grapheme> <!-- chefs-d'oeuvre: pas présent dans Morphalou 2.0 -->
				<Grapheme>egs</Grapheme> <!-- legs, prelegs: transcrits [Eg] dans Morphalou 2.0 -->
				<Grapheme>eh</Grapheme>
				<Grapheme>èh</Grapheme> <!-- sakièh: pas présent dans Morphalou 2.0, cf. sakieh -->
				<Grapheme>ei</Grapheme>
				<Grapheme>eî</Grapheme>
				<Grapheme>es</Grapheme>
				<Grapheme>ès</Grapheme>
				<Grapheme>est</Grapheme>
				<Grapheme>et</Grapheme>
				<Grapheme>êt</Grapheme>
				<Grapheme>ets</Grapheme>
				<Grapheme>êts</Grapheme>
				<Grapheme>ey</Grapheme>
				<Grapheme>eys</Grapheme>
				<Grapheme>ez</Grapheme> <!-- recez pas présent dans Morphalou 2.0 -->
				<Grapheme>hai</Grapheme>
				<Grapheme>haie</Grapheme>
				<Grapheme>haies</Grapheme>
				<Grapheme>hais</Grapheme>
				<Grapheme>hait</Grapheme>
				<Grapheme>haits</Grapheme>
				<Grapheme>he</Grapheme>
				<Grapheme>hé</Grapheme> <!-- AJOUT: à partir de la liste du Fidel -->
				<Grapheme>hè</Grapheme>
				<Grapheme>hê</Grapheme>
				<Grapheme>hea</Grapheme> <!-- boghead pas présent dans Morphalou 2.0 -->
				<Grapheme>hee</Grapheme> <!-- jonkheer pas présent dans Morphalou 2.0 -->
				<Grapheme>hei</Grapheme>
				<Grapheme>oe</Grapheme>
			</Graphemes>
		</PhonemeSAMPAGraphemes>
		<PhonemeSAMPAGraphemes>
			<PhonemeSAMPA>a</PhonemeSAMPA> <!-- Il s'agit d'une fusion des phonèmes /a/ et /A/, car /A/ (a long ou postérieur) pas présent dans Morphalou 2.0 -->
			<Graphemes> 		<!-- Du coup, 5 graphies ont été rajoutées à la liste des graphies de /a/: aa, ars, hâ, az, âts -->
				<Grapheme>a</Grapheme>
				<Grapheme>à</Grapheme>
				<Grapheme>â</Grapheme>
				<Grapheme>aa</Grapheme>
				<Grapheme>ac</Grapheme>
				<Grapheme>ach</Grapheme>
				<Grapheme>achs</Grapheme>
				<Grapheme>acs</Grapheme>
				<Grapheme>act</Grapheme>
				<Grapheme>acts</Grapheme>
				<Grapheme>ae</Grapheme>
				<Grapheme>ah</Grapheme>
				<Grapheme>ahs</Grapheme>
				<Grapheme>ao</Grapheme>
				<Grapheme>ap</Grapheme>
				<Grapheme>aps</Grapheme>
				<Grapheme>ars</Grapheme>
				<Grapheme>as</Grapheme>
				<Grapheme>at</Grapheme>
				<Grapheme>ât</Grapheme>
				<Grapheme>ats</Grapheme>
				<Grapheme>âts</Grapheme>
				<Grapheme>az</Grapheme>
				<Grapheme>e</Grapheme>
				<Grapheme>ê</Grapheme> <!-- ce graphème, comme toute la suite des "i" ci-dessous, sert à transcrire les "oi"  -->
				<Grapheme>ha</Grapheme>
				<Grapheme>hâ</Grapheme>
				<Grapheme>has</Grapheme>
				<Grapheme>he</Grapheme><!-- heimatlos, alzheimer: pas présents dans Morphalou 2.0 -->
			<!--	enlevé pour yves le 18 avril 2011 pour [w a] bicolore
				<Grapheme>i</Grapheme>  AJOUT du Fidel, peut servir pour transcrire "oi", p. ex. "voix", idem pour les suivants 
				<Grapheme>î</Grapheme> 
				<Grapheme>id</Grapheme>
				<Grapheme>ids</Grapheme>
				<Grapheme>ie</Grapheme>
				<Grapheme>ient</Grapheme>
				<Grapheme>ies</Grapheme>
				<Grapheme>ig</Grapheme>
				<Grapheme>igt</Grapheme>
				<Grapheme>igts</Grapheme>
				<Grapheme>is</Grapheme>
				<Grapheme>îs</Grapheme>  
				<Grapheme>it</Grapheme>
				<Grapheme>ît</Grapheme>
				<Grapheme>its</Grapheme>
				<Grapheme>îts</Grapheme>
				<Grapheme>ix</Grapheme>
				<Grapheme>y</Grapheme> 
				<Grapheme>ye</Grapheme>
				<Grapheme>yes</Grapheme>
				<Grapheme>ys</Grapheme>
				enlever pour yves le 18 avril 2011 -->
				<Grapheme>o</Grapheme>
				<Grapheme>u</Grapheme> <!-- (gin-)rummy: pas présent dans Morphalou 2.0 -->
			</Graphemes>
		</PhonemeSAMPAGraphemes>
		<PhonemeSAMPAGraphemes>
			<PhonemeSAMPA>O</PhonemeSAMPA> <!-- Il s'agit du o ouvert -->
			<Graphemes>
				<Grapheme>a</Grapheme> <!-- (negro-)spiritual: pas présent dans Morphalou 2.0 -->
				<Grapheme>ach</Grapheme> <!-- yacht: transcrit [o] dans Morphalou 2.0 -->
				<Grapheme>al</Grapheme> <!-- (cake-)walk, walkman, talk: pas présents dans Morphalou 2.0 -->
				<Grapheme>au</Grapheme>
				<Grapheme>aw</Grapheme> <!-- lawrencium: pas présent dans Morphalou 2.0 -->
				<Grapheme>eo</Grapheme>
				<Grapheme>hau</Grapheme>
				<Grapheme>ho</Grapheme>
				<Grapheme>hô</Grapheme> <!-- hôpital: transcrits [o] dans Morphalou 2.0 ERREUR? -->
				<Grapheme>o</Grapheme>
				<Grapheme>oa</Grapheme> <!-- (fun)board: pas présent dans Morphalou 2.0 -->
				<Grapheme>oe</Grapheme> <!-- groenendael: pas présent dans Morphalou 2.0 -->
				<Grapheme>oen</Grapheme> <!-- groenendael: pas présent dans Morphalou 2.0 -->
				<Grapheme>oi</Grapheme>
				<Grapheme>oo</Grapheme>
				<Grapheme>ow</Grapheme> 
				<Grapheme>u</Grapheme>
				<Grapheme>ü</Grapheme>		
			</Graphemes>
		</PhonemeSAMPAGraphemes>
		<PhonemeSAMPAGraphemes>
			<PhonemeSAMPA>o</PhonemeSAMPA> <!-- Il s'agit du o fermé -->
			<Graphemes>
				<Grapheme>a</Grapheme>
				<Grapheme>ao</Grapheme>
				<Grapheme>aos</Grapheme>
				<Grapheme>au</Grapheme>
				<Grapheme>aud</Grapheme>
				<Grapheme>auds</Grapheme>
				<Grapheme>aul</Grapheme>
				<Grapheme>ault</Grapheme>
				<Grapheme>aults</Grapheme>
				<Grapheme>aulx</Grapheme>
				<Grapheme>aus</Grapheme>
				<Grapheme>aut</Grapheme>
				<Grapheme>auts</Grapheme>
				<Grapheme>aux</Grapheme>
				<Grapheme>aw</Grapheme>
				<Grapheme>eau</Grapheme>
				<Grapheme>eaux</Grapheme>
				<Grapheme>ha</Grapheme>
				<Grapheme>hau</Grapheme>
				<Grapheme>haut</Grapheme>
				<Grapheme>hauts</Grapheme>
				<Grapheme>haw</Grapheme>
				<Grapheme>heau</Grapheme>
				<Grapheme>ho</Grapheme>
				<Grapheme>hô</Grapheme>
				<Grapheme>hot</Grapheme>
				<Grapheme>hots</Grapheme>
				<Grapheme>o</Grapheme>
				<Grapheme>ô</Grapheme>
				<Grapheme>oa</Grapheme>
				<Grapheme>oc</Grapheme>
				<Grapheme>ocs</Grapheme>
				<Grapheme>ods</Grapheme>
				<Grapheme>oh</Grapheme>
				<Grapheme>op</Grapheme>
				<Grapheme>ops</Grapheme>
				<Grapheme>os</Grapheme>
				<Grapheme>ot</Grapheme>
				<Grapheme>ôt</Grapheme>
				<Grapheme>oth</Grapheme>
				<Grapheme>oths</Grapheme>
				<Grapheme>ots</Grapheme>
				<Grapheme>ôts</Grapheme>
				<Grapheme>ow</Grapheme>
				<Grapheme>ows</Grapheme>
				<Grapheme>u</Grapheme>
			</Graphemes>
		</PhonemeSAMPAGraphemes>
		<PhonemeSAMPAGraphemes>
			<PhonemeSAMPA>u</PhonemeSAMPA><!-- ATTENTION: la liste du Fidel mentionne un "u" prononcé [yi] !!! A ajouter si cela s'avère vrai -->
			<Graphemes>
				<Grapheme>aou</Grapheme>
				<Grapheme>aoul</Grapheme>
				<Grapheme>aouls</Grapheme>
				<Grapheme>aoû</Grapheme> <!-- see rajouter pour que août (transcrit par morphalou [ut]) puisse être transcrit en couleur-->
				<Grapheme>août</Grapheme> <!-- août: transcrit [ut] dans Morphalou 2.0 mais pas [u] -->
				<Grapheme>aoûts</Grapheme> <!-- aoûts: transcrit [ut] dans Morphalou 2.0 mais pas [u] -->
				<Grapheme>ew</Grapheme>
				<Grapheme>ews</Grapheme>
				<Grapheme>hoo</Grapheme> <!-- hooligan: pas présent dans Morphalou 2.0 -->
				<Grapheme>hou</Grapheme>
				<Grapheme>houe</Grapheme>
				<Grapheme>houes</Grapheme>
				<Grapheme>hout</Grapheme>
				<Grapheme>houts</Grapheme>
				<Grapheme>houx</Grapheme>
				<Grapheme>o</Grapheme> <!-- loser: pas présent dans Morphalou 2.0 -->
				<Grapheme>oo</Grapheme>
				<Grapheme>ou</Grapheme>
				<Grapheme>où</Grapheme>
				<Grapheme>oû</Grapheme>
				<Grapheme>oub</Grapheme>
				<Grapheme>oubs</Grapheme>
				<Grapheme>ouc</Grapheme>
				<Grapheme>oucs</Grapheme>
				<Grapheme>oud</Grapheme>
				<Grapheme>ouds</Grapheme>
				<Grapheme>oue</Grapheme>
				<Grapheme>ouent</Grapheme>
				<Grapheme>oues</Grapheme>
				<Grapheme>oug</Grapheme> <!-- joug [Zug] erreur dans Morphalou!!! 2.0 -->
				<Grapheme>ougs</Grapheme> <!-- jougs [Zug] erreur dans Morphalou!!! 2.0 -->
				<Grapheme>oûl</Grapheme>
				<Grapheme>oûls</Grapheme>
				<Grapheme>ouls</Grapheme>
				<Grapheme>oult</Grapheme> <!-- poult(-de-soie): pas présent dans Morphalou 2.0 -->
				<Grapheme>oup</Grapheme>
				<Grapheme>oups</Grapheme>
				<Grapheme>ous</Grapheme>
				<Grapheme>out</Grapheme>
				<Grapheme>oût</Grapheme>
				<Grapheme>outs</Grapheme>
				<Grapheme>oûts</Grapheme>
				<Grapheme>oux</Grapheme>
				<Grapheme>ow</Grapheme>
				<Grapheme>u</Grapheme>
				<Grapheme>û</Grapheme> <!-- stûpa: Morphalou [stypa], sûtra pas présent dans Morphalou -->
				<Grapheme>ue</Grapheme>
				<Grapheme>ui</Grapheme> <!-- grapefruit: pas présent dans Morphalou 2.0 -->
				<Grapheme>us</Grapheme> <!-- haïkus: pas présent dans Morphalou 2.0 -->
				<Grapheme>uu</Grapheme> <!-- weltanschauung: Morphalou [v E l t a n S a w u N]-->
			</Graphemes>
		</PhonemeSAMPAGraphemes>
		<PhonemeSAMPAGraphemes>
			<PhonemeSAMPA>y</PhonemeSAMPA>
			<Graphemes>
				<Grapheme>eu</Grapheme>
				<Grapheme>eû</Grapheme>
				<Grapheme>eue</Grapheme>
				<Grapheme>eues</Grapheme>
				<Grapheme>eus</Grapheme>
				<Grapheme>eut</Grapheme>
				<Grapheme>eût</Grapheme>
				<Grapheme>hu</Grapheme>
				<Grapheme>hue</Grapheme>
				<Grapheme>huent</Grapheme>
				<Grapheme>hues</Grapheme>
				<Grapheme>hus</Grapheme> <!-- dahus: pas présent dans Morphalou 2.0 -->
				<Grapheme>hut</Grapheme>
				<Grapheme>huts</Grapheme>
				<Grapheme>u</Grapheme>
				<Grapheme>û</Grapheme>
				<Grapheme>ü</Grapheme>
				<Grapheme>ud</Grapheme>
				<Grapheme>uds</Grapheme>
				<Grapheme>ue</Grapheme>
				<Grapheme>uë</Grapheme>
				<Grapheme>uent</Grapheme>
				<Grapheme>ues</Grapheme>
				<Grapheme>uës</Grapheme>
				<Grapheme>uh</Grapheme>
				<Grapheme>üh</Grapheme>
				<Grapheme>ul</Grapheme>
				<Grapheme>uls</Grapheme>
				<Grapheme>us</Grapheme>
				<Grapheme>ûs</Grapheme>
				<Grapheme>ut</Grapheme>
				<Grapheme>ût</Grapheme>
				<Grapheme>uth</Grapheme>
				<Grapheme>uths</Grapheme>
				<Grapheme>uts</Grapheme>
				<Grapheme>ûts</Grapheme>
				<Grapheme>ux</Grapheme>
			</Graphemes>
		</PhonemeSAMPAGraphemes>
		<PhonemeSAMPAGraphemes>
			<PhonemeSAMPA>2</PhonemeSAMPA>
			<Graphemes>
				<Grapheme>eu</Grapheme>
				<Grapheme>eû</Grapheme>
				<Grapheme>eue</Grapheme>
				<Grapheme>eues</Grapheme>
				<Grapheme>euf</Grapheme>
				<Grapheme>euh</Grapheme>
				<Grapheme>euhs</Grapheme>
				<Grapheme>eur</Grapheme>
				<Grapheme>eurs</Grapheme>
				<Grapheme>eus</Grapheme>
				<Grapheme>eut</Grapheme>
				<Grapheme>eux</Grapheme>
				<Grapheme>heu</Grapheme>
				<Grapheme>ö</Grapheme> <!-- Morphalou : [malstrOm], rösti est absent de Morphalou et tous les autres apparaissent sans transcription -->
				<Grapheme>oe</Grapheme>
				<Grapheme>oeh</Grapheme>
				<Grapheme>oeu</Grapheme>
				<Grapheme>oeud</Grapheme>
				<Grapheme>oeuds</Grapheme>
				<Grapheme>oeufs</Grapheme>
				<Grapheme>oeux</Grapheme>
			</Graphemes>
		</PhonemeSAMPAGraphemes>
		<PhonemeSAMPAGraphemes>
			<PhonemeSAMPA>9</PhonemeSAMPA>
			<Graphemes>
				<Grapheme>a</Grapheme>
				<Grapheme>e</Grapheme>
				<Grapheme>eu</Grapheme>
				<Grapheme>he</Grapheme> <!-- herd(-book): pas présent dans Morphalou 2.0 -->
				<Grapheme>heu</Grapheme>
				<Grapheme>hu</Grapheme>
				<Grapheme>i</Grapheme>
				<Grapheme>o</Grapheme>
				<Grapheme>ö</Grapheme> <!-- röntgen: apparaît sans transcription dans Morphalou 2.0, Morphalou : [malstrOm], rösti est absent de Morphalou et tous les autres apparaissent sans transcription -->
				<Grapheme>oe</Grapheme>
				<Grapheme>œ</Grapheme> > <!-- 18.2 see rajouter pour prendre en compte les cœur œil sœur  sœurs --> 
				<Grapheme>œu</Grapheme> > <!-- 18.2 see rajouter pour prendre en compte les cœur œil sœur  sœurs --> 
				<Grapheme>oeu</Grapheme>
				<Grapheme>ou</Grapheme>
				<Grapheme>u</Grapheme>
				<Grapheme>un</Grapheme>
			</Graphemes>
		</PhonemeSAMPAGraphemes>
		<PhonemeSAMPAGraphemes>
			<PhonemeSAMPA>@</PhonemeSAMPA> <!-- pas noirci: caractère non reconnu? -->
			<Graphemes>
				<Grapheme>ai</Grapheme> <!-- faisan, faisable: Morphalou [f2za~,f2zabl@] ERREUR! -->
				<Grapheme>e</Grapheme>
				<Grapheme>es</Grapheme>
				<Grapheme>ent</Grapheme> <!-- ent (en phrase): phénomènes suprasegmentaux pas traités -->
				<Grapheme>on</Grapheme>
			</Graphemes>
		</PhonemeSAMPAGraphemes>
		<PhonemeSAMPAGraphemes>
			<PhonemeSAMPA>e~</PhonemeSAMPA> <!-- Il s'agit de la nasale SAMPA simplifié [5], archiphonème [1] cf. "un" plus bas -->
			<Graphemes>
				<Grapheme>aim</Grapheme>
				<Grapheme>aims</Grapheme>
				<Grapheme>ain</Grapheme>
				<Grapheme>ainc</Grapheme>
				<Grapheme>aincs</Grapheme>
				<Grapheme>aing</Grapheme>
				<Grapheme>aings</Grapheme>
				<Grapheme>ains</Grapheme>
				<Grapheme>aint</Grapheme>
				<Grapheme>aints</Grapheme>
				<Grapheme>ein</Grapheme>
				<Grapheme>eing</Grapheme>
				<Grapheme>eings</Grapheme>
				<Grapheme>eins</Grapheme>
				<Grapheme>eint</Grapheme>
				<Grapheme>eints</Grapheme>
				<Grapheme>em</Grapheme> <!-- sempiternel, Morphalou : [sa~pitERnEl] -->
				<Grapheme>en</Grapheme>
				<Grapheme>ens</Grapheme>
				<Grapheme>ent</Grapheme>
				<Grapheme>hein</Grapheme>
				<Grapheme>hen</Grapheme> <!-- hendécagone: Morphalou [a~dekagOn@] -->
				<Grapheme>hin</Grapheme>
				<Grapheme>im</Grapheme>
				<Grapheme>in</Grapheme>
				<Grapheme>în</Grapheme>
				<Grapheme>ïn</Grapheme>
				<Grapheme>inc</Grapheme>
				<Grapheme>inct</Grapheme>
				<Grapheme>incts</Grapheme>
				<Grapheme>ing</Grapheme>
				<Grapheme>ings</Grapheme> <!-- AJOUT: à partir de la liste du Fidel, plus exactement dérivé de la liste [w-e~] oo-ings (ex: shampooings) -->
				<Grapheme>ingt</Grapheme> 
				<Grapheme>ingts</Grapheme> <!-- vingts: pas présent dans Morphalou 2.0 -->
				<Grapheme>inq</Grapheme> <!-- AJOUT: à partir de la liste du Fidel -->
				<Grapheme>ins</Grapheme>
				<Grapheme>int</Grapheme>
				<Grapheme>înt</Grapheme>
				<Grapheme>ints</Grapheme> <!-- AJOUT: à partir de la liste du Fidel, plus exactement dérivé de la liste [w-e~] o-ints (ex: joints) -->
				<Grapheme>ym</Grapheme>
				<Grapheme>yms</Grapheme>
				<Grapheme>yn</Grapheme>
			</Graphemes>
		</PhonemeSAMPAGraphemes>
		<PhonemeSAMPAGraphemes>
			<PhonemeSAMPA>a~</PhonemeSAMPA> 
			<Graphemes>
				<Grapheme>aan</Grapheme> <!-- afrikaans: pas présent dans Morphalou 2.0 -->
				<Grapheme>am</Grapheme>
				<Grapheme>amp</Grapheme>
				<Grapheme>amps</Grapheme>
				<Grapheme>ams</Grapheme>
				<Grapheme>an</Grapheme>
				<Grapheme>anc</Grapheme>
				<Grapheme>ancs</Grapheme>
				<Grapheme>and</Grapheme>
				<Grapheme>ands</Grapheme>
				<Grapheme>ang</Grapheme>
				<Grapheme>angs</Grapheme>
				<Grapheme>ans</Grapheme>
				<Grapheme>ant</Grapheme>
				<Grapheme>ants</Grapheme>
				<Grapheme>ão</Grapheme> <!-- sertão Morphalou : [sERtao] -->
				<Grapheme>aon</Grapheme>
				<Grapheme>aons</Grapheme>
				<Grapheme>ãos</Grapheme> <!-- sertão Morphalou : [sERtao] -->
				<Grapheme>e</Grapheme> <!-- 1. peut servir pour transcrire p.ex. "enivrer", 2.AJOUT: à partir de la liste du Fidel -->
				<Grapheme>em</Grapheme>
				<Grapheme>emp</Grapheme>
				<Grapheme>emps</Grapheme>
				<Grapheme>empt</Grapheme>
				<Grapheme>empts</Grapheme>
				<Grapheme>en</Grapheme>
				<Grapheme>end</Grapheme>
				<Grapheme>ends</Grapheme>
				<Grapheme>eng</Grapheme>
				<Grapheme>engs</Grapheme>
				<Grapheme>ens</Grapheme>
				<Grapheme>ent</Grapheme>
				<Grapheme>ents</Grapheme>
				<Grapheme>ham</Grapheme>
				<Grapheme>han</Grapheme>
				<Grapheme>hans</Grapheme>
				<Grapheme>hen</Grapheme>
			</Graphemes>
		</PhonemeSAMPAGraphemes>
		<PhonemeSAMPAGraphemes>
			<PhonemeSAMPA>o~</PhonemeSAMPA>  <!-- Il s'agit de la nasale SAMPA simplifié [õ] -->
			<Graphemes>
				<Grapheme>hon</Grapheme>
				<Grapheme>om</Grapheme>
				<Grapheme>omb</Grapheme>
				<Grapheme>ombs</Grapheme>
				<Grapheme>omp</Grapheme>
				<Grapheme>omps</Grapheme>
				<Grapheme>ompt</Grapheme>
				<Grapheme>ompts</Grapheme>
				<Grapheme>oms</Grapheme>
				<Grapheme>on</Grapheme>
				<Grapheme>onc</Grapheme>
				<Grapheme>oncs</Grapheme>
				<Grapheme>ond</Grapheme>
				<Grapheme>onds</Grapheme>
				<Grapheme>ong</Grapheme>
				<Grapheme>ongs</Grapheme>
				<Grapheme>ons</Grapheme>
				<Grapheme>ont</Grapheme>
				<Grapheme>onts</Grapheme>
				<Grapheme>um</Grapheme>
				<Grapheme>un</Grapheme>
				<Grapheme>ung</Grapheme>
				<Grapheme>ungs</Grapheme>
			</Graphemes>
		</PhonemeSAMPAGraphemes>
		<PhonemeSAMPAGraphemes>
			<PhonemeSAMPA>9~</PhonemeSAMPA><!-- Il s'agit de la nasale SAMPA simplifié [1] -->
			<Graphemes>
				<Grapheme>eun</Grapheme> <!-- (à) jeun: présent dans Morphalou mais sans informations -->
				<Grapheme>hum</Grapheme>
				<Grapheme>hun</Grapheme> <!-- AJOUT: à partir de la liste du Fidel -->
				<Grapheme>huns</Grapheme> <!-- AJOUT: à partir de la liste du Fidel -->
				<Grapheme>um</Grapheme>
				<Grapheme>ums</Grapheme>
				<Grapheme>un</Grapheme>
				<Grapheme>uns</Grapheme>
				<Grapheme>unt</Grapheme>
				<Grapheme>unts</Grapheme>
			</Graphemes>
		</PhonemeSAMPAGraphemes>
		<PhonemeSAMPAGraphemes>
			<PhonemeSAMPA>j</PhonemeSAMPA> <!-- Il s'agit de la semi-consonne [j], archiphonème [I] -->
			<Graphemes>
				<Grapheme>g</Grapheme> <!-- design: pas présent dans Morphalou -->
				<Grapheme>gh</Grapheme>
				<Grapheme>gui</Grapheme> <!-- laguiole: pas présent dans Morphalou -->
				<Grapheme>hi</Grapheme>
				<Grapheme>hy</Grapheme>
				<Grapheme>i</Grapheme>
				<Grapheme>ï</Grapheme>
				<Grapheme>ïe</Grapheme> <!-- ATTENTION: Morphalou: [j@]  -->
				<Grapheme>ïes</Grapheme> <!-- ATTENTION: Morphalou: [j@]  -->
				<Grapheme>ïs</Grapheme>
				<Grapheme>il</Grapheme>
				<Grapheme>ill</Grapheme>
				<Grapheme>ille</Grapheme> <!-- ATTENTION: Morphalou: [j@]  -->
				<Grapheme>illent</Grapheme> <!-- ATTENTION: Morphalou: [j@]  -->
				<Grapheme>illes</Grapheme> <!-- ATTENTION: Morphalou: [j@]  -->
				<Grapheme>illi</Grapheme>
				<Grapheme>ils</Grapheme>
				<Grapheme>j</Grapheme>
				<Grapheme>l</Grapheme>
				<Grapheme>ll</Grapheme>
				<Grapheme>lle</Grapheme> <!-- ATTENTION: Morphalou: [j@]  -->
				<Grapheme>llent</Grapheme> <!-- ATTENTION: Morphalou: [j@]  -->
				<Grapheme>lles</Grapheme> <!-- ATTENTION: Morphalou: [j@]  -->
				<Grapheme>lli</Grapheme>
				<Grapheme>n</Grapheme> <!-- SPECIAL: la nasale palatale transcrite[J] dans Morphalou devient [n] pour "g" et [j] pour "n"-->			
				<Grapheme>ne</Grapheme> <!-- SPECIAL: la nasale palatale transcrite[J] dans Morphalou devient [n] pour "g" et [j] pour "n"-->			
				<Grapheme>nent</Grapheme> <!-- SPECIAL: la nasale palatale transcrite[J] dans Morphalou devient [n] pour "g" et [j] pour "n"-->			
				<Grapheme>nes</Grapheme> <!-- SPECIAL: la nasale palatale transcrite[J] dans Morphalou devient [n] pour "g" et [j] pour "n"-->			
				<Grapheme>ni</Grapheme> <!-- SPECIAL: la nasale palatale transcrite[J] dans Morphalou devient [n] pour "g" et [j] pour "n"-->			
				<Grapheme>y</Grapheme>
				<Grapheme>ye</Grapheme> <!-- ATTENTION: Morphalou: [j@]  -->
				<Grapheme>yent</Grapheme> <!-- ATTENTION: Morphalou: [j@]  -->
				<Grapheme>yes</Grapheme> <!-- ATTENTION: Morphalou: [j@]  -->
				<Grapheme>yi</Grapheme> <!-- AJOUT: à partir de la liste du Fidel -->
				<Grapheme>ys</Grapheme>	
			</Graphemes>
		</PhonemeSAMPAGraphemes>
		<PhonemeSAMPAGraphemes>
			<PhonemeSAMPA>w</PhonemeSAMPA> <!-- Il s'agit de la semi-consonne [w], archiphonème [U] -->
			<Graphemes>
				<Grapheme>h</Grapheme>
				<Grapheme>ho</Grapheme> 
				<Grapheme>hou</Grapheme>
				<Grapheme>hu</Grapheme>
				<Grapheme>o</Grapheme> <!-- déjà présent, ex: oie, AJOUT: à partir de la liste du Fidel,  pour transcrire "oi", p. ex. "voix", ou "oin" p. ex. "loin" -->
				<Grapheme>oo</Grapheme> <!-- déjà présent, ex: shampooiner, AJOUT: à partir de la liste du Fidel, pour transcrire [w] dans "shampooing" p. ex. -->
				<Grapheme>ou</Grapheme>
				<Grapheme>u</Grapheme>
				<Grapheme>w</Grapheme>
				<Grapheme>wh</Grapheme>
			</Graphemes>
		</PhonemeSAMPAGraphemes>
		<PhonemeSAMPAGraphemes>
			<PhonemeSAMPA>H</PhonemeSAMPA> <!-- Il s'agit de la semi-consonne, archiphonème [Y] -->
			<Graphemes>
				<Grapheme>hu</Grapheme>
				<Grapheme>u</Grapheme>
				<Grapheme>yu</Grapheme> <!-- yuan: présent dans Morphalou mais sans informations -->
			</Graphemes>
		</PhonemeSAMPAGraphemes>
		<PhonemeSAMPAGraphemes>
			<PhonemeSAMPA>p</PhonemeSAMPA> 
			<Graphemes>
				<Grapheme>b</Grapheme>
				<Grapheme>p</Grapheme>
				<Grapheme>pe</Grapheme> <!-- ATTENTION: Morphalou: [p@]  -->
				<Grapheme>pent</Grapheme> <!-- ATTENTION: Morphalou: [p@]  -->
				<Grapheme>pes</Grapheme> <!-- ATTENTION: Morphalou: [p@]  -->
				<Grapheme>pp</Grapheme>
				<Grapheme>ppe</Grapheme> <!-- ATTENTION: Morphalou: [p@]  -->
				<Grapheme>ppent</Grapheme> <!-- ATTENTION: Morphalou: [p@]  -->
				<Grapheme>ppes</Grapheme> <!-- ATTENTION: Morphalou: [p@]  -->
				<Grapheme>ps</Grapheme>
			</Graphemes>
		</PhonemeSAMPAGraphemes>
		<PhonemeSAMPAGraphemes>
			<PhonemeSAMPA>t</PhonemeSAMPA> 
			<Graphemes>
				<Grapheme>c</Grapheme> <!-- cappucino: pas présent dans Morphalou, czardas transcrit [gzaRda] dans Morphalou -->
				<Grapheme>cht</Grapheme> <!-- AJOUT: à partir de la liste du Fidel -->
				<Grapheme>chts</Grapheme> <!-- AJOUT: à partir de la liste du Fidel -->
				<Grapheme>d</Grapheme>
				<Grapheme>dt</Grapheme>
				<Grapheme>pt</Grapheme>
				<Grapheme>pte</Grapheme> <!-- ATTENTION: Morphalou: [t@]  -->
				<Grapheme>ptent</Grapheme> <!-- ATTENTION: Morphalou: [t@]  -->
				<Grapheme>ptes</Grapheme> <!-- ATTENTION: Morphalou: [t@]  -->
				<Grapheme>t</Grapheme>
				<Grapheme>t'</Grapheme> <!-- rajouter par see pour intégrer ' -->
				<Grapheme>te</Grapheme> <!-- ATTENTION: Morphalou: [t@]  -->
				<Grapheme>tent</Grapheme> <!-- ATTENTION: Morphalou: [t@]  -->
				<Grapheme>tes</Grapheme> <!-- ATTENTION: Morphalou: [t@]  -->
				<Grapheme>th</Grapheme>
				<Grapheme>the</Grapheme> <!-- ATTENTION: Morphalou: [t@]  -->
				<Grapheme>thent</Grapheme> <!-- ils délabyrinthent: pas présent dans Morphalou -->
				<Grapheme>thes</Grapheme> <!-- ATTENTION: Morphalou: [t@]  -->
				<Grapheme>ths</Grapheme>
				<Grapheme>tre</Grapheme> <!-- quatre-temps: pas présent dans Morphalou -->
				<Grapheme>ts</Grapheme>
				<Grapheme>tt</Grapheme>
				<Grapheme>tte</Grapheme> <!-- ATTENTION: Morphalou: [t@]  -->
				<Grapheme>ttent</Grapheme> <!-- ATTENTION: Morphalou: [t@]  -->
				<Grapheme>ttes</Grapheme> <!-- ATTENTION: Morphalou: [t@]  -->
				<Grapheme>tts</Grapheme>
			</Graphemes>
		</PhonemeSAMPAGraphemes>
		<PhonemeSAMPAGraphemes>
			<PhonemeSAMPA>k</PhonemeSAMPA> 
			<Graphemes>
				<Grapheme>c'</Grapheme> <!-- rajouter par see pour intégrer ' -->
				<Grapheme>c</Grapheme>
				<Grapheme>cc</Grapheme>
				<Grapheme>cch</Grapheme>
				<Grapheme>ccu</Grapheme>
				<Grapheme>ch</Grapheme>
				<Grapheme>chs</Grapheme>
				<Grapheme>ck</Grapheme>
				<Grapheme>cke</Grapheme> <!-- ATTENTION: Morphalou: [k@]  -->
				<Grapheme>ckent</Grapheme> <!-- ATTENTION: Morphalou: [k@]  -->
				<Grapheme>ckes</Grapheme> <!-- ATTENTION: Morphalou: [k@]  -->
				<Grapheme>cks</Grapheme>
				<Grapheme>cqu</Grapheme>
				<Grapheme>cque</Grapheme> <!-- ATTENTION: Morphalou: [k@]  -->
				<Grapheme>cques</Grapheme> <!-- ATTENTION: Morphalou: [k@]  -->
				<Grapheme>cs</Grapheme>
				<Grapheme>ct</Grapheme> <!-- verdict: Morphalou [vERdikt] -->
				<Grapheme>cts</Grapheme> <!-- verdicts: Morphalou [vERdikt] -->
				<Grapheme>cu</Grapheme>
				<Grapheme>g</Grapheme> <!-- kabig: pas présent dans Morphalou, tungstène: Morphalou [t9~gstEn@] -->
				<Grapheme>gs</Grapheme> <!-- kabigs: pas présent dans Morphalou -->
				<Grapheme>k</Grapheme>
				<Grapheme>ke</Grapheme> <!-- ATTENTION: Morphalou: [k@]  -->
				<Grapheme>kes</Grapheme> <!-- ATTENTION: Morphalou: [k@]  -->
				<Grapheme>kg</Grapheme>
				<Grapheme>kh</Grapheme>
				<Grapheme>khe</Grapheme> <!-- sikhe: pas présent dans Morphalou -->
				<Grapheme>khes</Grapheme> <!-- sikhes: pas présent dans Morphalou -->
				<Grapheme>khs</Grapheme> <!-- sikhe: pas présent dans Morphalou -->
				<Grapheme>kk</Grapheme>
				<Grapheme>ks</Grapheme>
				<Grapheme>q</Grapheme>
				<Grapheme>qs</Grapheme>
				<Grapheme>qu</Grapheme>
				<Grapheme>qu'</Grapheme> <!-- rajouter par see pour intégrer ' -->			
				<Grapheme>que</Grapheme> <!-- ATTENTION: Morphalou: [k@]  -->
				<Grapheme>quent</Grapheme> <!-- ATTENTION: Morphalou: [k@]  -->
				<Grapheme>ques</Grapheme> <!-- ATTENTION: Morphalou: [k@]  -->
				<Grapheme>x</Grapheme>
			</Graphemes>
		</PhonemeSAMPAGraphemes>
		<PhonemeSAMPAGraphemes>
			<PhonemeSAMPA>b</PhonemeSAMPA> 
			<Graphemes>
				<Grapheme>b</Grapheme>
				<Grapheme>bb</Grapheme>
				<Grapheme>bbe</Grapheme> <!-- ATTENTION: Morphalou: [b@]  -->
				<Grapheme>bbes</Grapheme> <!-- ATTENTION: Morphalou: [b@]  -->
				<Grapheme>be</Grapheme> <!-- ATTENTION: Morphalou: [b@]  -->
				<Grapheme>bent</Grapheme> <!-- ATTENTION: Morphalou: [b@]  -->
				<Grapheme>bes</Grapheme> <!-- ATTENTION: Morphalou: [b@]  -->
				<Grapheme>bs</Grapheme>
			</Graphemes>
		</PhonemeSAMPAGraphemes>
		<PhonemeSAMPAGraphemes>
			<PhonemeSAMPA>d</PhonemeSAMPA> 
			<Graphemes>
				<Grapheme>d</Grapheme>
				<Grapheme>dd</Grapheme>
				<Grapheme>de</Grapheme> <!-- ATTENTION: Morphalou: [d@]  -->
				<Grapheme>dent</Grapheme> <!-- ATTENTION: Morphalou: [d@]  -->
				<Grapheme>des</Grapheme> <!-- ATTENTION: Morphalou: [d@]  -->
				<Grapheme>dh</Grapheme>
				<Grapheme>ds</Grapheme>
				<Grapheme>g</Grapheme>
				<Grapheme>t</Grapheme> <!-- tsar Morphalou [tsaR], tsigane: présent mais pas d'infos, cf. "tzigane" -->
				<Grapheme>z</Grapheme>
			</Graphemes>
		</PhonemeSAMPAGraphemes>
		<PhonemeSAMPAGraphemes>
			<PhonemeSAMPA>g</PhonemeSAMPA> 
			<Graphemes>
				<Grapheme>c</Grapheme>
				<Grapheme>g</Grapheme>
				<Grapheme>gg</Grapheme>
				<Grapheme>gh</Grapheme>
				<Grapheme>ghs</Grapheme>
				<Grapheme>gs</Grapheme>
				<Grapheme>gu</Grapheme>
				<Grapheme>gue</Grapheme> <!-- ATTENTION: Morphalou: [g@]  -->
				<Grapheme>guent</Grapheme> <!-- ATTENTION: Morphalou: [g@]  -->
				<Grapheme>gues</Grapheme> <!-- ATTENTION: Morphalou: [g@] -->
			</Graphemes>
		</PhonemeSAMPAGraphemes>
		<PhonemeSAMPAGraphemes>
			<PhonemeSAMPA>f</PhonemeSAMPA> 
			<Graphemes>
				<Grapheme>f</Grapheme>
				<Grapheme>fe</Grapheme> <!-- ATTENTION: Morphalou: [f@] -->
				<Grapheme>fent</Grapheme> <!-- ATTENTION: Morphalou: [f@] -->
				<Grapheme>fes</Grapheme> <!-- ATTENTION: Morphalou: [f@] -->
				<Grapheme>ff</Grapheme>
				<Grapheme>ffe</Grapheme>
				<Grapheme>ffent</Grapheme> <!-- ATTENTION: Morphalou: [f@] -->
				<Grapheme>ffes</Grapheme> <!-- ATTENTION: Morphalou: [f@] -->
				<Grapheme>ffs</Grapheme>
				<Grapheme>fs</Grapheme>
				<Grapheme>gh</Grapheme>
				<Grapheme>ghs</Grapheme>
				<Grapheme>ph</Grapheme>
				<Grapheme>phe</Grapheme> <!-- ATTENTION: Morphalou: [f@] -->
				<Grapheme>phent</Grapheme> <!-- ATTENTION: Morphalou: [f@] -->
				<Grapheme>phes</Grapheme> <!-- ATTENTION: Morphalou: [f@] -->
				<Grapheme>phs</Grapheme>
				<Grapheme>v</Grapheme>
				<Grapheme>vs</Grapheme> <!-- kalachnikovs: pas présent dans Morphalou -->
			</Graphemes>
		</PhonemeSAMPAGraphemes>
		<PhonemeSAMPAGraphemes>
			<PhonemeSAMPA>s</PhonemeSAMPA> 
			<Graphemes>
				<Grapheme>c</Grapheme>
				<Grapheme>ç</Grapheme>
				<Grapheme>cc</Grapheme> <!-- succion Morphalou : [syksjo~], capriccio Morphalou : [kapRitSjo] -->
				<Grapheme>ce</Grapheme> 
				<Grapheme>cent</Grapheme> <!-- ATTENTION: Morphalou: [s@] -->
				<Grapheme>ces</Grapheme> <!-- ATTENTION: Morphalou: [s@] -->
				<Grapheme>ls</Grapheme>
				<Grapheme>s</Grapheme>
				<Grapheme>s'</Grapheme> <!-- rajouter par see pour intégrer ' -->
				<Grapheme>sc</Grapheme>
				<Grapheme>sç</Grapheme> <!-- AJOUT: à partir de la liste du Fidel -->
				<Grapheme>sce</Grapheme> <!-- ATTENTION: Morphalou: [s@] -->
				<Grapheme>scent</Grapheme> <!-- ATTENTION: Morphalou: [s@] -->
				<Grapheme>sces</Grapheme> <!-- ATTENTION: Morphalou: [s@] -->
				<Grapheme>se</Grapheme>
				<Grapheme>sent</Grapheme> <!-- ATTENTION: Morphalou: [s@] -->
				<Grapheme>ses</Grapheme> <!-- ATTENTION: Morphalou: [s@] -->
				<Grapheme>ss</Grapheme>
				<Grapheme>sse</Grapheme>
				<Grapheme>ssent</Grapheme> <!-- ATTENTION: Morphalou: [s@] -->
				<Grapheme>sses</Grapheme> <!-- ATTENTION: Morphalou: [s@] -->
				<Grapheme>sth</Grapheme>
				<Grapheme>t</Grapheme>
				<Grapheme>th</Grapheme> <!-- forsythia Morphalou : [fORsitja], granny smith: pas présent dans Morphalou -->
				<Grapheme>ts</Grapheme> <!-- intelligentsia Morphalou : [e~teliZEntsja] -->
				<Grapheme>x</Grapheme>
				<Grapheme>z</Grapheme>
			</Graphemes>
		</PhonemeSAMPAGraphemes>
		<PhonemeSAMPAGraphemes>
			<PhonemeSAMPA>S</PhonemeSAMPA> 
			<Graphemes>
				<Grapheme>c</Grapheme> <!-- concetti Morphalou : [ko~sEti], cappucino: pas présent dans Morphalou -->
				<Grapheme>ch</Grapheme>
				<Grapheme>che</Grapheme> <!-- ATTENTION: Morphalou: [S@] -->
				<Grapheme>chent</Grapheme> <!-- ATTENTION: Morphalou: [S@] -->
				<Grapheme>chep</Grapheme> <!-- cheptel Morphalou: [SEptEl] -->
				<Grapheme>ches</Grapheme> <!-- ATTENTION: Morphalou: [S@] -->
				<Grapheme>chs</Grapheme>
				<Grapheme>ci</Grapheme> <!-- carpaccio: pas présent dans Morphalou -->
				<Grapheme>j</Grapheme>
				<Grapheme>je</Grapheme> <!-- bintje: pas présent dans Morphalou -->
				<Grapheme>jes</Grapheme> <!-- bintjes: pas présent dans Morphalou -->
				<Grapheme>s</Grapheme>
				<Grapheme>sc</Grapheme>
				<Grapheme>sch</Grapheme>
				<Grapheme>sche</Grapheme> <!-- ATTENTION: Morphalou: [S@] -->
				<Grapheme>schent</Grapheme> <!-- ils eschent: pas présent dans Morphalou -->
				<Grapheme>sches</Grapheme> <!-- ATTENTION: Morphalou: [S@] -->
				<Grapheme>schs</Grapheme>
				<Grapheme>sh</Grapheme>
				<Grapheme>she</Grapheme> <!-- il se crashe: pas présent dans Morphalou, il smashe: Morphalou: [S@] -->
				<Grapheme>shent</Grapheme> <!-- ils se crashent: pas présent dans Morphalou, ils smashent: Morphalou: [S@] -->
				<Grapheme>shes</Grapheme> <!-- tu te crashes: pas présent dans Morphalou, tu smashes: Morphalou: [S@] -->
				<Grapheme>shs</Grapheme>  <!-- crashs: pas présent dans Morphalou -->
				<Grapheme>zsch</Grapheme>
			</Graphemes>
		</PhonemeSAMPAGraphemes>
		<PhonemeSAMPAGraphemes>
			<PhonemeSAMPA>v</PhonemeSAMPA> 
			<Graphemes>
				<Grapheme>f</Grapheme> <!-- AJOUT: à partir de la liste du Fidel -->	
				<Grapheme>v</Grapheme> 
				<Grapheme>ve</Grapheme> <!-- ATTENTION: Morphalou: [v@] -->
				<Grapheme>vent</Grapheme> <!-- ATTENTION: Morphalou: [v@] -->
				<Grapheme>ves</Grapheme> <!-- ATTENTION: Morphalou: [v@] -->
				<Grapheme>vs</Grapheme> <!-- leitmotivs Morphalou : [lajtmOtif]-->
				<Grapheme>w</Grapheme>
			</Graphemes>
		</PhonemeSAMPAGraphemes>
		<PhonemeSAMPAGraphemes>
			<PhonemeSAMPA>z</PhonemeSAMPA> 
			<Graphemes>
				<Grapheme>s</Grapheme>
				<Grapheme>se</Grapheme> <!-- ATTENTION: Morphalou: [z@] -->
				<Grapheme>sent</Grapheme> <!-- ATTENTION: Morphalou: [z@] -->
				<Grapheme>ses</Grapheme> <!-- ATTENTION: Morphalou: [z@] -->
				<Grapheme>si</Grapheme>
				<Grapheme>x</Grapheme>
				<Grapheme>z</Grapheme>
				<Grapheme>ze</Grapheme> <!-- ATTENTION: Morphalou: [z@] -->
				<Grapheme>zent</Grapheme> <!-- ATTENTION: Morphalou: [z@] -->
				<Grapheme>zes</Grapheme> <!-- ATTENTION: Morphalou: [z@] -->
				<Grapheme>zz</Grapheme>
			</Graphemes>
		</PhonemeSAMPAGraphemes>
		<PhonemeSAMPAGraphemes>
			<PhonemeSAMPA>Z</PhonemeSAMPA> 
			<Graphemes>
				<Grapheme>g</Grapheme>
				<Grapheme>ge</Grapheme>
				<Grapheme>gent</Grapheme> <!-- ATTENTION: Morphalou: [Z@] -->
				<Grapheme>ges</Grapheme> <!-- ATTENTION: Morphalou: [Z@] -->
				<Grapheme>gg</Grapheme> <!-- aggiornamento: pas présent dans Morphalou -->
				<Grapheme>j</Grapheme>
				<Grapheme>j'</Grapheme> <!-- rajouter par see pour intégrer ' -->
				<Grapheme>je</Grapheme>
				<Grapheme>jent</Grapheme> <!-- ATTENTION: Morphalou: [Z@] -->
				<Grapheme>jes</Grapheme> <!-- ATTENTION: Morphalou: [Z@] -->
			</Graphemes>
		</PhonemeSAMPAGraphemes>
		<PhonemeSAMPAGraphemes>
			<PhonemeSAMPA>l</PhonemeSAMPA> 
			<Graphemes>
				<Grapheme>gl</Grapheme> <!-- imbroglio: pas présent dans Morphalou -->
				<Grapheme>l</Grapheme>
				<Grapheme>ld</Grapheme>
				<Grapheme>le</Grapheme> <!-- ATTENTION: Morphalou: [l@] -->
				<Grapheme>lent</Grapheme> <!-- ATTENTION: Morphalou: [l@] -->
				<Grapheme>les</Grapheme> <!-- ATTENTION: Morphalou: [l@] -->
				<Grapheme>ll</Grapheme>
				<Grapheme>lle</Grapheme> <!-- ATTENTION: Morphalou: [l@] -->
				<Grapheme>llent</Grapheme> <!-- ATTENTION: Morphalou: [l@] -->
				<Grapheme>lles</Grapheme> <!-- ATTENTION: Morphalou: [l@] -->
				<Grapheme>lls</Grapheme>
				<Grapheme>lp</Grapheme>
				<Grapheme>ls</Grapheme>
				<Grapheme>l'</Grapheme> <!-- rajouter par see 18.2 -->
			</Graphemes>
		</PhonemeSAMPAGraphemes>
		<PhonemeSAMPAGraphemes>
			<PhonemeSAMPA>R</PhonemeSAMPA> 
			<Graphemes>
				<Grapheme>j</Grapheme> <!-- marijuana: Morphalou [maRiwana] -->
				<Grapheme>r</Grapheme>
				<Grapheme>rc</Grapheme>
				<Grapheme>rcs</Grapheme>
				<Grapheme>rd</Grapheme>
				<Grapheme>rds</Grapheme>
				<Grapheme>re</Grapheme> <!-- ATTENTION: Morphalou: [R@] -->
				<Grapheme>rent</Grapheme> <!-- ATTENTION: Morphalou: [R@] -->
				<Grapheme>res</Grapheme> <!-- ATTENTION: Morphalou: [R@] -->
				<Grapheme>rf</Grapheme>
				<Grapheme>rfs</Grapheme>
				<Grapheme>rg</Grapheme>
				<Grapheme>rgs</Grapheme>
				<Grapheme>rh</Grapheme>
				<Grapheme>rp</Grapheme> <!-- corpsard: pas présent dans Morphalou -->
				<Grapheme>rps</Grapheme>
				<Grapheme>rr</Grapheme>
				<Grapheme>rre</Grapheme> <!-- ATTENTION: Morphalou: [R@] -->
				<Grapheme>rrent</Grapheme> <!-- ATTENTION: Morphalou: [R@] -->
				<Grapheme>rres</Grapheme> <!-- ATTENTION: Morphalou: [R@] -->
				<Grapheme>rrh</Grapheme>
				<Grapheme>rrhe</Grapheme> <!-- ATTENTION: Morphalou: [R@] -->
				<Grapheme>rrhes</Grapheme> <!-- ATTENTION: Morphalou: [R@] -->
				<Grapheme>rrs</Grapheme> <!-- torrs: pas présent dans Morphalou -->
				<Grapheme>rs</Grapheme>
				<Grapheme>rt</Grapheme>
				<Grapheme>rts</Grapheme>
				<Grapheme>wr</Grapheme>
			</Graphemes>
		</PhonemeSAMPAGraphemes>
		<PhonemeSAMPAGraphemes>
			<PhonemeSAMPA>m</PhonemeSAMPA> 
			<Graphemes>
				<Grapheme>m</Grapheme>
				<Grapheme>m'</Grapheme> <!-- rajouter par see pour intégrer ' -->
				<Grapheme>me</Grapheme> <!-- ATTENTION: Morphalou: [m@] -->
				<Grapheme>ment</Grapheme> <!-- ATTENTION: Morphalou: [m@] -->
				<Grapheme>mes</Grapheme> <!-- ATTENTION: Morphalou: [m@] -->
				<Grapheme>mm</Grapheme>
				<Grapheme>mme</Grapheme> <!-- ATTENTION: Morphalou: [m@] -->
				<Grapheme>mment</Grapheme> <!-- ATTENTION: Morphalou: [m@] -->
				<Grapheme>mmes</Grapheme> <!-- ATTENTION: Morphalou: [m@] -->
				<Grapheme>mms</Grapheme>
				<Grapheme>ms</Grapheme>
			</Graphemes>
		</PhonemeSAMPAGraphemes>
		<PhonemeSAMPAGraphemes>
			<PhonemeSAMPA>n</PhonemeSAMPA> 
			<Graphemes>
				<Grapheme>g</Grapheme> <!-- SPECIAL: la nasale palatale transcrite[J] dans Morphalou devient [n] pour "g" et [j] pour "n"-->			
				<Grapheme>kn</Grapheme> <!-- knicker, know-how: pas présents dans Morphalou, knock-out: sans transcription -->
				<Grapheme>mn</Grapheme>
				<Grapheme>mne</Grapheme> <!-- ATTENTION: Morphalou: [n@] -->
				<Grapheme>mnent</Grapheme> <!-- ATTENTION: Morphalou: [n@] -->
				<Grapheme>mnes</Grapheme> <!-- ATTENTION: Morphalou: [n@] -->
				<Grapheme>n</Grapheme>
				<Grapheme>ne</Grapheme> <!-- ATTENTION: Morphalou: [n@] -->
				<Grapheme>ned</Grapheme> <!-- corned-beef: sans transcription dans Morphalou -->
				<Grapheme>nent</Grapheme> <!-- ATTENTION: Morphalou: [n@] -->
				<Grapheme>nes</Grapheme>
				<Grapheme>nn</Grapheme>
				<Grapheme>nne</Grapheme> <!-- ATTENTION: Morphalou: [n@] -->
				<Grapheme>nnent</Grapheme> <!-- ATTENTION: Morphalou: [n@] -->
				<Grapheme>nnes</Grapheme> <!-- ATTENTION: Morphalou: [n@] -->
				<Grapheme>nns</Grapheme>
				<Grapheme>ns</Grapheme>
				<Grapheme>n'</Grapheme> <!-- rajouter par see 18.2 -->
			</Graphemes>
		</PhonemeSAMPAGraphemes>
		<!-- inutile -->
		<PhonemeSAMPAGraphemes>
			<PhonemeSAMPA>J</PhonemeSAMPA> <!-- Il s'agit de la nasale palatale [J], que l'on va transcrire [nj] ou [ni] en SAMPAsimplifié -->
			<Graphemes>
				<Grapheme>gn</Grapheme>
				<Grapheme>gne</Grapheme> <!-- ATTENTION: Morphalou: [J@] -->
				<Grapheme>gnent</Grapheme> <!-- ATTENTION: Morphalou: [J@] -->
				<Grapheme>gnes</Grapheme> <!-- ATTENTION: Morphalou: [J@] -->
				<Grapheme>gni</Grapheme>
				<Grapheme>ñ</Grapheme> <!-- cañon: sans transcription dans Morphalou -->
			</Graphemes>
		</PhonemeSAMPAGraphemes>
		<!-- inutile -->
		<PhonemeSAMPAGraphemes>
			<PhonemeSAMPA>N</PhonemeSAMPA> <!-- Il s'agit de la nasale vélaire [N], que l'on va retranscrire [ng]-->
			<Graphemes>
				<Grapheme>ng</Grapheme>
				<Grapheme>ngs</Grapheme> <!-- AJOUT: à partir de la liste du Fidel -->	
				<Grapheme>n</Grapheme>
			</Graphemes>
		</PhonemeSAMPAGraphemes>

		<PhonemeSAMPAGraphemes> <!-- diphones récemment intégrés, plus la jota ESP, mentionnée dans Morphalou, même si elle n'apparaît nulle part!!! -->
			<PhonemeSAMPA>k s</PhonemeSAMPA> 
			<Graphemes>
				<Grapheme>x</Grapheme>
				<Grapheme>xe</Grapheme> <!-- ATTENTION: Morphalou: [ks@] -->
				<Grapheme>xes</Grapheme> <!-- ATTENTION: Morphalou: [ks@] -->
				<Grapheme>xent</Grapheme> <!-- ATTENTION: Morphalou: [ks@] -->
			</Graphemes>
		</PhonemeSAMPAGraphemes>
		<PhonemeSAMPAGraphemes>
			<PhonemeSAMPA>g z</PhonemeSAMPA> 
			<Graphemes>
				<Grapheme>x</Grapheme>	 	 			
			</Graphemes>
		</PhonemeSAMPAGraphemes> 
		<PhonemeSAMPAGraphemes>
			<PhonemeSAMPA>a j</PhonemeSAMPA> <!-- autre transcription possible: ai, en se basant sur l'archiphonème i=[i,j] -->
			<Graphemes>
				<Grapheme>y</Grapheme>	 	 			
			</Graphemes>
		</PhonemeSAMPAGraphemes> 
		<PhonemeSAMPAGraphemes>
			<PhonemeSAMPA>i j</PhonemeSAMPA>
			<Graphemes> 
				<Grapheme>i</Grapheme>	 	 			
			</Graphemes>
		</PhonemeSAMPAGraphemes>
		<PhonemeSAMPAGraphemes>
			<!-- ajouté pour yves [w a] bicolore --> 
			<PhonemeSAMPA>w a</PhonemeSAMPA> <!--  -->
			<Graphemes> 
				<Grapheme>oi</Grapheme>  
				<Grapheme>oî</Grapheme> 
				<Grapheme>oid</Grapheme>
				<Grapheme>oids</Grapheme>
				<Grapheme>oie</Grapheme>
				<Grapheme>oient</Grapheme>
				<Grapheme>oies</Grapheme>
				<Grapheme>oig</Grapheme>
				<Grapheme>oigt</Grapheme>
				<Grapheme>oigts</Grapheme>
				<Grapheme>ois</Grapheme>
				<Grapheme>oîs</Grapheme> 
				<Grapheme>oit</Grapheme>
				<Grapheme>oît</Grapheme>
				<Grapheme>oits</Grapheme>
				<Grapheme>oîts</Grapheme>
				<Grapheme>oix</Grapheme>
				<Grapheme>ooi</Grapheme> 
				<Grapheme>oy</Grapheme> <!-- permalloy: pas présent dans Morphalou 2.0 -->
				<Grapheme>oye</Grapheme>
				<Grapheme>oyes</Grapheme>
				<Grapheme>oys</Grapheme><!-- permalloys: pas présent dans Morphalou 2.0 -->		
			</Graphemes>
		</PhonemeSAMPAGraphemes> 
	<!--	
		<PhonemeSAMPAGraphemes>
			<PhonemeSAMPA>x</PhonemeSAMPA>
			<Graphemes> 
				<Grapheme>j</Grapheme>	 	 			
			</Graphemes>
		</PhonemeSAMPAGraphemes> 
		-->
	</PhonemesSAMPAGraphemes>
</ListePhonemesSAMPAGraphemes>